Name,Type,Category,District,Logo Available,Contact Person,Email
Child Welfare Committee,Government,Child Protection,Palghar,No,FILL_IN,FILL_IN
District Child Protection Unit,Government,Child Protection,FILL_IN,No,FILL_IN,FILL_IN
Women and Child Development Dept,Government,State Government,Maharashtra,No,FILL_IN,FILL_IN
District Legal Services Authority,Government,Legal Aid,FILL_IN,No,FILL_IN,FILL_IN
Railway Protection Force,Government,Law Enforcement,FILL_IN,No,FILL_IN,FILL_IN
Local Police,Government,Law Enforcement,Palghar,No,FILL_IN,FILL_IN
FILL_IN_PARTNER_1,NGO,FILL_IN,FILL_IN,No,FILL_IN,FILL_IN
FILL_IN_PARTNER_2,NGO,FILL_IN,FILL_IN,No,FILL_IN,FILL_IN
FILL_IN_PARTNER_3,NGO,FILL_IN,FILL_IN,No,FILL_IN,FILL_IN
FILL_IN_PARTNER_4,NGO,FILL_IN,FILL_IN,No,FILL_IN,FILL_IN
